Mode,Iteration,InterpTime,MoverTime,TotalTime
Serial,1,0.102115,0.086496,0.188611
Serial,2,0.105197,0.083983,0.18918
Serial,3,0.102069,0.083814,0.185883
Serial,4,0.104293,0.084106,0.188399
Serial,5,0.103516,0.083764,0.18728
Serial,6,0.102834,0.083864,0.186698
Serial,7,0.102701,0.083824,0.186525
Serial,8,0.102716,0.083907,0.186623
Serial,9,0.102187,0.085107,0.187294
Serial,10,0.102436,0.083835,0.186271
