Config,NX,NY,Total_Interp_Time
1,250,100,14.110000
2,500,200,16.100000
3,1000,400,16.000000
