Mode,Iteration,InterpTime,MoverTime,TotalTime
Parallel,1,0.214729,0.05418,0.268909
Parallel,2,0.46654,0.055315,0.521855
Parallel,3,0.291346,0.053674,0.34502
Parallel,4,0.465627,0.058451,0.524078
Parallel,5,0.362047,0.055826,0.417873
Parallel,6,0.466562,0.054714,0.521276
Parallel,7,0.465943,0.053856,0.519799
Parallel,8,0.46525,0.056276,0.521526
Parallel,9,0.333947,0.059908,0.393855
Parallel,10,0.465797,0.059216,0.525012
