Config,NX,NY,Total_Interp_Time
1,250,100,3.580764
2,500,200,3.821171
3,1000,400,7.556008
