Mode,Iteration,InterpTime,MoverTime,TotalTime
Serial,1,0.237095,0.197164,0.43426
Serial,2,0.236362,0.196865,0.433226
Serial,3,0.235799,0.196646,0.432445
Serial,4,0.236046,0.197354,0.4334
Serial,5,0.236203,0.19754,0.433743
Serial,6,0.555797,0.197014,0.752811
Serial,7,0.252888,0.197556,0.450444
Serial,8,0.25216,0.192045,0.444205
Serial,9,0.221017,0.187296,0.408313
Serial,10,0.227085,0.187911,0.414996
