Mode,Iteration,InterpTime,MoverTime,TotalTime
Parallel,1,0.102119,0.024384,0.126503
Parallel,2,0.103024,0.02402,0.127044
Parallel,3,0.102926,0.024892,0.127818
Parallel,4,0.10417,0.02501,0.129181
Parallel,5,0.104059,0.024199,0.128258
Parallel,6,0.103098,0.024087,0.127184
Parallel,7,0.103095,0.024132,0.127226
Parallel,8,0.103297,0.024176,0.127473
Parallel,9,0.103071,0.024,0.127072
Parallel,10,0.10297,0.024092,0.127061
